{"inputUnits":[34],"outputUnits":4,"inputs":{"0":{"dtype":"number","min":94.55147209272752,"max":350.83234443068983},"1":{"dtype":"number","min":45.384657032534065,"max":227.7805739116477},"2":{"dtype":"number","min":100.88781878283191,"max":347.82654663950336},"3":{"dtype":"number","min":35.33455676861158,"max":216.9837853095218},"4":{"dtype":"number","min":96.82063518747023,"max":338.3410541304716},"5":{"dtype":"number","min":37.320841673036774,"max":220.95926662546833},"6":{"dtype":"number","min":115.72960556400686,"max":332.5786767437123},"7":{"dtype":"number","min":43.59192116833918,"max":221.34581956936924},"8":{"dtype":"number","min":83.28627078315034,"max":309.62993691561906},"9":{"dtype":"number","min":50.00605417224669,"max":233.4378684346474},"10":{"dtype":"number","min":126.28519767676723,"max":374.1096998555451},"11":{"dtype":"number","min":127.71105242381213,"max":271.3550541940004},"12":{"dtype":"number","min":61.40247603213189,"max":303.0201560217864},"13":{"dtype":"number","min":123.31441855649535,"max":275.3753023235838},"14":{"dtype":"number","min":117.70911552621305,"max":405.54240339432874},"15":{"dtype":"number","min":77.25284277329995,"max":245.96167051909296},"16":{"dtype":"number","min":40.633274373535585,"max":346.97557961621476},"17":{"dtype":"number","min":53.354367385916206,"max":259.23934066817606},"18":{"dtype":"number","min":81.73166233181598,"max":456.2836536553963},"19":{"dtype":"number","min":50.757771779950275,"max":301.3108595242569},"20":{"dtype":"number","min":24.8908953334292,"max":349.10080737548526},"21":{"dtype":"number","min":39.29134755125356,"max":310.11860909452076},"22":{"dtype":"number","min":122.3370298375378,"max":370.8441846206417},"23":{"dtype":"number","min":236.65785326690354,"max":399.84394206903335},"24":{"dtype":"number","min":72.63320833590728,"max":314.0438006811685},"25":{"dtype":"number","min":236.68017714895564,"max":401.98638965827195},"26":{"dtype":"number","min":109.5508732565429,"max":385.4669788089351},"27":{"dtype":"number","min":298.38430460935257,"max":468.069302856684},"28":{"dtype":"number","min":66.16070185229805,"max":326.3049279094491},"29":{"dtype":"number","min":297.5089486160964,"max":462.1796824770018},"30":{"dtype":"number","min":111.32766711677485,"max":393.50906936244326},"31":{"dtype":"number","min":366.10335251894924,"max":471.1926801139273},"32":{"dtype":"number","min":62.177660133984176,"max":330.0946555555067},"33":{"dtype":"number","min":353.91845505071774,"max":472.13211612347567}},"outputs":{"0":{"dtype":"string","min":0,"max":1,"uniqueValues":["1","2","3","4"],"legend":{"1":[1,0,0,0],"2":[0,1,0,0],"3":[0,0,1,0],"4":[0,0,0,1]}}},"isNormalized":true}