{"inputUnits":[34],"outputUnits":4,"inputs":{"0":{"dtype":"number","min":296.52003224935555,"max":461.12784574325144},"1":{"dtype":"number","min":77.17912486258425,"max":172.92665627140624},"2":{"dtype":"number","min":306.3288913095729,"max":477.63818381240594},"3":{"dtype":"number","min":60.32885433125609,"max":160.89576363952284},"4":{"dtype":"number","min":280.8501753165529,"max":447.2767107670858},"5":{"dtype":"number","min":62.57477393903711,"max":164.3717561950984},"6":{"dtype":"number","min":320.9045089747588,"max":498.42904802080005},"7":{"dtype":"number","min":70.49294451352092,"max":166.8436334565217},"8":{"dtype":"number","min":262.8890722250588,"max":425.7435082451499},"9":{"dtype":"number","min":76.53084261231527,"max":173.4747912043224},"10":{"dtype":"number","min":347.81234557742766,"max":553.7874475822317},"11":{"dtype":"number","min":148.31644566664858,"max":227.98387751084587},"12":{"dtype":"number","min":228.88717872374207,"max":425.5338695779846},"13":{"dtype":"number","min":157.46827157261885,"max":228.38003515091634},"14":{"dtype":"number","min":346.68531959491463,"max":582.3382812618801},"15":{"dtype":"number","min":140.82443072797597,"max":319.8910212423712},"16":{"dtype":"number","min":137.26814905068815,"max":425.7505637320776},"17":{"dtype":"number","min":173.68149814473242,"max":323.3492692986051},"18":{"dtype":"number","min":276.5748106732534,"max":620.6698477855089},"19":{"dtype":"number","min":105.9141137168522,"max":418.11856877131333},"20":{"dtype":"number","min":49.02269603872038,"max":494.0496136310231},"21":{"dtype":"number","min":126.3618927275295,"max":423.9033944570248},"22":{"dtype":"number","min":336.9424591211342,"max":535.0931684731637},"23":{"dtype":"number","min":348.3080537134904,"max":459.0351645202209},"24":{"dtype":"number","min":260.62804183190025,"max":439.4503005212593},"25":{"dtype":"number","min":351.8174009277386,"max":462.8895632569954},"26":{"dtype":"number","min":335.8275926895967,"max":627.1611041305565},"27":{"dtype":"number","min":434.3486133977234,"max":501.4440149756625},"28":{"dtype":"number","min":252.23115956230237,"max":461.89147353498026},"29":{"dtype":"number","min":431.5938796330683,"max":488.3566473486622},"30":{"dtype":"number","min":314.05324292224657,"max":520.3900791584565},"31":{"dtype":"number","min":398.88117890697504,"max":478.07903053179524},"32":{"dtype":"number","min":264.5517325851316,"max":550.0286796926143},"33":{"dtype":"number","min":393.0760524431781,"max":475.81620315553266}},"outputs":{"0":{"dtype":"string","min":0,"max":1,"uniqueValues":["1","2","3","4"],"legend":{"1":[1,0,0,0],"2":[0,1,0,0],"3":[0,0,1,0],"4":[0,0,0,1]}}},"isNormalized":true}